filename,label
2876_Redelijk_jpg.rf.962fd71cc9610f5baa49a089e283b05d.jpg,1
12640_Matig_jpg.rf.9574fd97fa516b790607ff2fbef01ed7.jpg,1
17898_Matig_jpg.rf.992d4ace20ac2a0bd0307d9e246f3a89.jpg,1
12821_Redelijk_jpg.rf.97ac526af6da3502e867112218d11f5c.jpg,1
13401_Redelijk_jpg.rf.95ae4fcb7f41f59c4708521b075e1695.jpg,0
4221_Redelijk_jpg.rf.9ab5051e34a9766074bfa9948df88be2.jpg,1
1548_Matig_jpg.rf.9920b75209ef265e0bd238d90c9fba08.jpg,1
18301_Matig_jpg.rf.9722b56929832c1ffdb70b729b1bf126.jpg,1
22303_Redelijk_jpg.rf.9798840e43865095a57f49d97be8be8c.jpg,1
7197_Redelijk_jpg.rf.956880547e3c41dafa96daf0c8d6302b.jpg,1
13968_Redelijk_jpg.rf.9652978c5b4d9a1a7a84963517641c1e.jpg,1
1561_Matig_jpg.rf.9aa7edaa0e7184222efd58e33d5d3c40.jpg,0
6358_Matig_jpg.rf.99ee84517ca9a04f8ac99edbe7b6c4df.jpg,1
849_Matig_jpg.rf.98676532cf0226ed52724fc1027a92f2.jpg,1
4708_Matig_jpg.rf.9562dc13d196ae8faeeec3e559e492ff.jpg,1
19204_Matig_jpg.rf.97238d677b9c785e2ec6fbe95f0fbfce.jpg,0
13133_Matig_jpg.rf.9547dd15162449b3970c46042f63963b.jpg,1
12208_Matig_jpg.rf.9ab4b6582fba9cacaa8cfb525afb613c.jpg,1
27905_Matig_jpg.rf.97de0f3cb2a0d3a74be3085995a73078.jpg,1
13891_Matig_jpg.rf.95703d1008f49d426bf42b501e6e58b8.jpg,1
19179_Matig_jpg.rf.9aa65258584f89ad069358fd59c413a7.jpg,0
4052_Matig_jpg.rf.962355db19984c7d8704b5ed3bfc1eea.jpg,1
24999_Matig_jpg.rf.96bd822358fd3f2432f6a2a31016e2fc.jpg,0
16764_Redelijk_jpg.rf.9bad2a15e67812f4703a180d63dbca0b.jpg,0
12532_Matig_jpg.rf.99076db58098d37e5062d323378e6df7.jpg,1
11898_Redelijk_jpg.rf.9852fe995b26ab6c5772242904e6f19b.jpg,1
14132_Matig_jpg.rf.9bbf846b26bbe74c559d30d6283557cd.jpg,0
2992_Redelijk_jpg.rf.9ae99c642b53dfe9b0e960a379214700.jpg,1
13275_Redelijk_jpg.rf.9bb87de87a08adf307964a8bf7e7e3d4.jpg,1
3892_Matig_jpg.rf.9d69a6be425aca3ec60facaefa982c3f.jpg,1
5600_Redelijk_jpg.rf.9c1f4a5ba60470d7b55d87ce55b79d68.jpg,1
1492_Matig_jpg.rf.9c0d71d20d83c606fa1bd0214fdb7de0.jpg,0
13490_Matig_jpg.rf.9c2e0cfe7f340d423591802767bed9e0.jpg,0
13896_Matig_jpg.rf.9d752661ef035b1335ab5d739cfd0562.jpg,1
20275_Redelijk_jpg.rf.9db32f4d1e20dac5681f788e85ddd004.jpg,1
13486_Redelijk_jpg.rf.9df82aa4dfaa9e018c2b3b260d463ec8.jpg,1
842_Matig_jpg.rf.9dcc9869ab944c3fa1c8b57cf09997f3.jpg,1
5264_Redelijk_jpg.rf.9e3801af298fcc5643ead57e2a279f26.jpg,1
7728_Matig_jpg.rf.9ff045e602d2a0f9092d47925acc8137.jpg,1
19812_Redelijk_jpg.rf.9f43296062b3d6fbc4fcd949eb1cc26b.jpg,1
13140_Matig_jpg.rf.9fa03cb103c54137115a650fad2396cc.jpg,0
19348_Redelijk_jpg.rf.a0683594e00f1d096e2bc6a2c9fa106f.jpg,1
16038_Matig_jpg.rf.9e91cd0d6e5b988a25c092f72f9a1519.jpg,1
23861_Matig_jpg.rf.a0d4b606d60b7e0563cbf8033e1934fe.jpg,1
14704_Matig_jpg.rf.a25656f803e9e2b0cd7a6e267444cac8.jpg,1
17270_Redelijk_jpg.rf.a1ccdf01f5fd245376273eefe3cf39ea.jpg,1
6476_Matig_jpg.rf.a21786ac7f2cf6e85c93a07712b02f9f.jpg,1
22104_Matig_jpg.rf.a2a8669de4a3cc4305afcf8f87db6b4c.jpg,1
4466_Matig_jpg.rf.a289e3a1abe13e9e1ba7becf1031a8d6.jpg,1
21100_Redelijk_jpg.rf.a2fdea235065dd14bb52be5532d6a17a.jpg,1
6046_Matig_jpg.rf.a3255deebf991aa6e47a2b15accff93e.jpg,1
3934_Redelijk_jpg.rf.a2cd4cdbd35a0663cf09f0fad327b40e.jpg,1
8079_Redelijk_jpg.rf.a2bf2e088e5381d8b49204516bec3265.jpg,1
18234_Matig_jpg.rf.a3dec702f1ba65295460d3368e6f3f1d.jpg,1
479_Matig_jpg.rf.a3b9d60dd028a1c83607008866ad6ae4.jpg,1
17548_Matig_jpg.rf.a3fc27971a3c2ba55e873e94bb9d45b1.jpg,0
19701_Redelijk_jpg.rf.a3d7af40cf67e406943e368f4766a494.jpg,1
1951_Redelijk_jpg.rf.a46ba9c7497b41600e4868c9f35f232e.jpg,1
12559_Redelijk_jpg.rf.a56b861d14a4a98545d2acc39b4392ae.jpg,0
15554_Redelijk_jpg.rf.a58eb91eaafdca76e756f793160d24b5.jpg,1
12183_Matig_jpg.rf.a613b3bf0f2d8e273e2cb038b130985d.jpg,1
23697_Matig_jpg.rf.a6af22dceeed95f4c5c824fa94aeccc6.jpg,1
12432_Redelijk_jpg.rf.a6c9795f72466b2fd200cfcd4c7929dc.jpg,1
21358_Matig_jpg.rf.a7e45e644d79397d86336cfed5c31378.jpg,1
18145_Matig_jpg.rf.a8eb704fed6974fbe93df90de67da95e.jpg,1
23965_Matig_jpg.rf.a8849fcb00c62a5ff85ea3830b6e3dbb.jpg,1
18116_Matig_jpg.rf.a84af5b6365c02888f1edc20c3eadfa0.jpg,1
9629_Redelijk_jpg.rf.a916cc61e81f4e34249c64c1c84e42df.jpg,1
23367_Redelijk_jpg.rf.a922694bc0939905922911db85bb8878.jpg,1
25227_Matig_jpg.rf.a92ae3dec0d093782c3b37610bfcecc2.jpg,0
21093_Redelijk_jpg.rf.a9711565a39986bd5f65411955910dd3.jpg,0
806_Matig_jpg.rf.a99b4cdabef8bf4a1897988c9e21935b.jpg,1
2214_Redelijk_jpg.rf.a9a4ec80f8f962a3d0fc7fc6f4ea4c55.jpg,1
15862_Matig_jpg.rf.aa52537a3b4f8142b204ac633618107a.jpg,1
9032_Matig_jpg.rf.aaf18a40cbc5ca2d2f5330ed5226bad0.jpg,1
15819_Redelijk_jpg.rf.aaf435404da7be123b82ad6738a35fc6.jpg,1
18720_Redelijk_jpg.rf.abe20de5652a65635216d5de17578553.jpg,0
15604_Slecht_jpg.rf.aa7c98426184f219a91fb58fbbee1af0.jpg,1
13267_Dood_jpg.rf.ad9cddfd0e7b3bae56b96081d6784c58.jpg,1
8512_Matig_jpg.rf.ac53a3547072c5f307227dbffbacfa89.jpg,1
9084_Goed_jpg.rf.ae6ea4998e2572fa60af3231b02d3a6a.jpg,0
11327_Matig_jpg.rf.ae403e9b70fc3104bae8b54ca85edf35.jpg,1
16022_Matig_jpg.rf.ad7f4cdf7f4375a64ebfd44fd0d02781.jpg,1
25261_Redelijk_jpg.rf.aef0018923b4338c41af309a44587b3f.jpg,0
4795_Matig_jpg.rf.af8c1e70f3b030847e7df010271d9842.jpg,0
17486_Redelijk_jpg.rf.aebb6d820a3fd5bd1cb60a7639cf743a.jpg,1
29027_Matig_jpg.rf.ae257580ce82838c4f902331a46f8b66.jpg,1
19073_Slecht_jpg.rf.b0fb2aae8531ddfafeb68b47f929a422.jpg,1
4842_Redelijk_jpg.rf.ae7653d0fb8893b42c19558b578e219f.jpg,1
18780_Redelijk_jpg.rf.b041c1beb3b8f0326e77b59a1dc9551d.jpg,0
27277_Redelijk_jpg.rf.b2601ec85dbe46fdc92849ef5c07f9a8.jpg,0
7547_Matig_jpg.rf.b2adb2e8ff182fd5ed518f62e943ff48.jpg,0
5794_Matig_jpg.rf.b2c285db278303616e39843fa74475dc.jpg,1
10936_Slecht_jpg.rf.b41feb15c9904d49ab6aa1f41f695f48.jpg,0
14291_Matig_jpg.rf.b4c09295c25cace22e1b6613fbaf854d.jpg,0
17187_Matig_jpg.rf.b34a01391186abf9874bed5643c2ef89.jpg,1
15244_Redelijk_jpg.rf.b5e9ac02d015f4a92ffe7574722f5539.jpg,1
6346_Matig_jpg.rf.b3fd1a5094c10b990b6760f744a8102c.jpg,1
17276_Matig_jpg.rf.b6965173d1aad6dc20fbd1c41f065076.jpg,1
19106_Matig_jpg.rf.b634b85075c85ed725d84955ad840a05.jpg,1
2892_Redelijk_jpg.rf.b5a6cd10ea8ce61c0d6b77daa308a6ad.jpg,1
1400_Matig_jpg.rf.b6bba85030d2d484a5229831205bddc5.jpg,1
4136_Zeer-Slecht_jpg.rf.b6ec9e1ae8afe66852c4341096230ee8.jpg,1
12555_Matig_jpg.rf.b6f70892b98dbdf67a9e76b03ed201fa.jpg,1
29841_Goed_jpg.rf.b783777570e06da0aed1a53b86293833.jpg,1
12538_Goed_jpg.rf.b80d4893b29128c926f4bc8145c8956e.jpg,0
51_Redelijk_jpg.rf.b77dc8951dd88acca52f4908ab59ea22.jpg,1
19866_Matig_jpg.rf.b7e4dcd8f03360d87d3502c7b26f0e09.jpg,1
11487_Matig_jpg.rf.b7e679a29f110b76460a10a773b112a6.jpg,0
20761_Matig_jpg.rf.b891a05b29cc1992a8bbec65c5f8b3b7.jpg,0
15478_Matig_jpg.rf.b8a2b6d3985b66593f3b63c2c32d3167.jpg,1
10219_Redelijk_jpg.rf.ba60e78176e1c1847da567cb25cfa808.jpg,1
11146_Redelijk_jpg.rf.b9c3a0b6333a0bf1101673a65cdc82a5.jpg,0
24424_Matig_jpg.rf.bbf5c85172e6cbe00a6ee6f42925e212.jpg,0
15231_Matig_jpg.rf.bae28be440bc01c1c0b68f74b8202d8c.jpg,1
18896_Matig_jpg.rf.be1a8f549ecb3ed84856ff1b46954237.jpg,1
10352_Slecht_jpg.rf.bbbaf056d2a324e2311eecfa2e1b2a46.jpg,1
21770_Matig_jpg.rf.bcc93e3569e11e5dfe9699561cf7f98f.jpg,1
23908_Redelijk_jpg.rf.bf548801b967328da194984c85c0de17.jpg,0
21797_Goed_jpg.rf.bd41d5ce11b66db7e3585ec29c7806cb.jpg,1
13193_Matig_jpg.rf.bdb8f8908ba5abbdf40a29cf06001546.jpg,1
14212_Redelijk_jpg.rf.be4fc692848254b29e1d277a90fe7636.jpg,1
12168_Matig_jpg.rf.becd17580f6902cd062a99f805fbca57.jpg,0
18140_Redelijk_jpg.rf.c09771b3faadaa9faee408c089de2e36.jpg,0
25192_Redelijk_jpg.rf.bb17ff9a682fc7c9c3d398cd63222e5b.jpg,1
5675_Matig_jpg.rf.c14c1b874be8ac364017621a72f940d2.jpg,1
86_Redelijk_jpg.rf.c2e4549f69387a53a656d033f8b9ecd6.jpg,1
4418_Matig_jpg.rf.c2f86819d1c48bb4316150809f08e2bf.jpg,1
28083_Redelijk_jpg.rf.c30d9c738c803ded3138f57223f7edac.jpg,1
8340_Redelijk_jpg.rf.c1e6617f8ac39b5ac0ad440426509049.jpg,1
12856_Matig_jpg.rf.c3ecaf4bbe974bcd6bb1a433f133a212.jpg,1
736_Redelijk_jpg.rf.c3d719ea44ca188cf3715a8046b89bd4.jpg,1
4056_Matig_jpg.rf.c3c45f7274ffe2bac749997f1a66eb5b.jpg,1
7208_Matig_jpg.rf.c4dc63d18b8cdcad209034a8c1dcddfd.jpg,0
12902_Redelijk_jpg.rf.c402ac66d8a023bc836d544fdaa0ece3.jpg,1
16011_Redelijk_jpg.rf.c4f1717e96842fdad68aed4e3552f300.jpg,1
24757_Redelijk_jpg.rf.c50a0870088630fd6bfd911d2e0c3da7.jpg,1
13957_Matig_jpg.rf.c598b5d6afbd3fbfbf836fa7d78febd9.jpg,0
20806_Matig_jpg.rf.c5e4929dd9a47f4ba4249d9072145c1c.jpg,1
11425_Matig_jpg.rf.c5b2fc6e077022f1a39ce7064ff7889a.jpg,1
28098_Redelijk_jpg.rf.c6384537426069eda1a08dac330220a5.jpg,0
21131_Slecht_jpg.rf.c330a753b881107a77728cf641478966.jpg,1
14712_Matig_jpg.rf.c47be1457867fa9dc02007cabfdd67e9.jpg,0
8876_Matig_jpg.rf.c555d18dc3c3b0d9237571080bfd9bca.jpg,0
1999_Redelijk_jpg.rf.c5ea7c4d5302c5f93bdac77edd033ccf.jpg,1
20316_Matig_jpg.rf.c68062644a2d4f968f14a8746b558208.jpg,1
12695_Matig_jpg.rf.c767929226ac9fec745afbedcaff118f.jpg,1
16491_Matig_jpg.rf.c83b2c0c78e3f67ba4e4532c1f312510.jpg,0
2027_Redelijk_jpg.rf.c6bbb2ef8d71dec464e004a777b4804b.jpg,1
5896_Redelijk_jpg.rf.c8dc22572c977e34afd1d74a8fa66778.jpg,1
13915_Matig_jpg.rf.c6f53a99981a5f2804336a02091ac6a0.jpg,1
26495_Redelijk_jpg.rf.c8e6bb6314b4459d15f8f22312905d62.jpg,0
22630_Matig_jpg.rf.ca34aa7082d207d5ad0de2a35a9da295.jpg,0
19893_Redelijk_jpg.rf.ca98d996afcc6bb07ef78ff845742a2d.jpg,1
1632_Matig_jpg.rf.c7bcf3671caf3d9afdadefc0990b421f.jpg,0
11494_Redelijk_jpg.rf.cbbd6e70f7bf9cba2265b0c1c894595e.jpg,1
8160_Matig_jpg.rf.c991786a1ac43ad57305447e9e623b0e.jpg,1
3050_Redelijk_jpg.rf.cca306549c875677bd04f99ea38f959e.jpg,0
978_Matig_jpg.rf.c91406da88392a9337306f1cad5d6bf3.jpg,0
5110_Redelijk_jpg.rf.cc98569991a6daa4133b6158d13e8dbf.jpg,1
10004_Slecht_jpg.rf.ce01f5cbced15d71cfa70f0b6cd9a872.jpg,1
11104_Matig_jpg.rf.cd3288bbd3d67362eae59db019f9804a.jpg,0
11468_Matig_jpg.rf.cda5a463d2906046601cc9da228e3e95.jpg,0
2792_Matig_jpg.rf.cfb1bd4a7c2b0cbac0da4c29e3c72b40.jpg,1
13948_Matig_jpg.rf.cef83096777f74649243d9dfa18af3ca.jpg,1
15728_Redelijk_jpg.rf.cffeff5b2778344a24b76929f5116bd2.jpg,0
21088_Redelijk_jpg.rf.d04dc151153f392e4f0f9a3239fb5537.jpg,1
16749_Redelijk_jpg.rf.d0a71f93d92c268eb293d34e0e19e1c9.jpg,0
9155_Matig_jpg.rf.d0ef12f5c52f3bba1d5e1891734d7fca.jpg,0
13722_Matig_jpg.rf.d0bb32b6e4f2119f2fcac5fd055325b1.jpg,0
16296_Matig_jpg.rf.d2c087e0a91c00ab616cca47e590bfc8.jpg,0
5806_Matig_jpg.rf.d39a5b0b4841fe4bd9c0d2aa5e04f2aa.jpg,1
8861_Slecht_jpg.rf.d2f2ecd8c6d8d014fc8454f3c4c9a57b.jpg,1
4226_Matig_jpg.rf.d3b179f070be46fb3fda2ce04f0a5702.jpg,0
187_Matig_jpg.rf.d309a5e7ef39b84197222a681fb536d6.jpg,0
3859_Redelijk_jpg.rf.d41e0465258fff9eee5b480c217eb533.jpg,1
7221_Matig_jpg.rf.d45362322ad3d3da2b0674641d54360c.jpg,1
8357_Redelijk_jpg.rf.d503557d269e7a6dea97b8d8ddafa8dc.jpg,1
2997_Matig_jpg.rf.d529fd734bf87aac3e219e109d128efd.jpg,1
3615_Matig_jpg.rf.d42ef97f22337faff4b31ab153a7e0ee.jpg,0
9082_Matig_jpg.rf.d5dc632e77b89f99462896370587e5d8.jpg,0
4064_Zeer-Slecht_jpg.rf.d46945d79620123921ac32771905dff4.jpg,1
14123_Redelijk_jpg.rf.d66e30d4231d7470e22c22eb10d4a1f5.jpg,1
6428_Redelijk_jpg.rf.d7d3df7122ba4ea0fc41a7c57a3d5623.jpg,0
18806_Redelijk_jpg.rf.d7248d520c52d0c183017d594922f97c.jpg,0
24613_Redelijk_jpg.rf.d82385b4ae9d624b1e4dc508bc991fcc.jpg,0
1982_Matig_jpg.rf.d8845921e039133f32146054a56b7b37.jpg,0
29039_Redelijk_jpg.rf.d93e754890fde6f916081cf3f83a4e49.jpg,1
17835_Matig_jpg.rf.da3b9c030b568840cb18d3fc85e6fa18.jpg,1
24589_Matig_jpg.rf.dabce1fe9bbc2ae43a2e664db675c4d0.jpg,1
1495_Matig_jpg.rf.db413effb1a5c7fb83253f3fa616a9cb.jpg,1
4860_Matig_jpg.rf.db6f7abbe020d1ffc341c20b1da828cf.jpg,1
24382_Matig_jpg.rf.db6002da9401b10cee51df96815f0f87.jpg,0
8776_Matig_jpg.rf.dc4e19458214f76050022c629f3a2ad3.jpg,0
15850_Matig_jpg.rf.dc72918bd91fdcc3f2413a13386dd196.jpg,1
9186_Redelijk_jpg.rf.dc74a28fa1a41f68d057ab80c4855a3b.jpg,1
14439_Matig_jpg.rf.db4ed63d2b0c500f0abbc8f99cd542aa.jpg,1
16645_Redelijk_jpg.rf.dce8198515a1ee2224d514a34aab594c.jpg,1
24534_Redelijk_jpg.rf.dd6da08a5d490ee3fd44f9a46e5a8f23.jpg,0
16181_Matig_jpg.rf.dde9cb4a7b70077be093b823634cf0a9.jpg,0
14909_Redelijk_jpg.rf.dec3c0daccde4099aabe1c42ff08bcf3.jpg,1
24588_Redelijk_jpg.rf.ddd2f8b75d415cf6476b721a1b3af5cd.jpg,1
472_Redelijk_jpg.rf.dedc3fb5e36c616895979068c148c78f.jpg,1
4379_Redelijk_jpg.rf.e0d9108ddda58db8b15ca3808e2041f9.jpg,1
15675_Matig_jpg.rf.df8e71f1e2d772aece2adfa539fbc0e5.jpg,1
6496_Matig_jpg.rf.dbf1c89f7a55ba0721f0f3e488f57576.jpg,1
7290_Matig_jpg.rf.e0bde933a594ab47a74577caa49cb9f6.jpg,1
13252_Matig_jpg.rf.e18ae9c69581f60db2b8777ccb8f9494.jpg,0
11415_Redelijk_jpg.rf.e26a30c061f374eeafe7301420fea783.jpg,1
8749_Redelijk_jpg.rf.e291b15d3230460eac8ae6c47b64e905.jpg,0
17762_Redelijk_jpg.rf.e2f04e27464b0aeaf6c5d58d8235a725.jpg,0
8936_Slecht_jpg.rf.e33c29bbb506f273de8a257d09f7782e.jpg,0
16667_Matig_jpg.rf.e26d928491b06be2a413a8a21f8bfe1a.jpg,0
6823_Matig_jpg.rf.e29f56a9973310af42e48699b77c6dbf.jpg,1
8577_Matig_jpg.rf.e3a13c070405eb3d017b77b05b6976a4.jpg,1
15869_Matig_jpg.rf.e5a4a9d101af1ed23f9cb6ae5985bfd9.jpg,1
27991_Redelijk_jpg.rf.e1998ec078984e1175ea4a438d043a9f.jpg,1
19226_Redelijk_jpg.rf.e606d4127ea9e21e675d49b087782f2f.jpg,1
1270_Slecht_jpg.rf.e60e1c3c0cc4693c8ad6da53b6155963.jpg,0
2370_Matig_jpg.rf.e3b2f9d0251f09b847ac25c3cfe76134.jpg,0
5427_Redelijk_jpg.rf.e63d80b107cbe20bd76ab41059bd76dc.jpg,0
28046_Redelijk_jpg.rf.e0e50b09687d4b546c82433427005b7e.jpg,1
12137_Matig_jpg.rf.e81817a93611f84f427b8ac20835a466.jpg,1
19005_Redelijk_jpg.rf.e67980c7a24460a91d9b0ce66f83d406.jpg,0
2569_Redelijk_jpg.rf.e782982d19cdc9260e708e8d0a723be8.jpg,1
10000_Redelijk_jpg.rf.e82ec7039265f5a35d145d094b0c33d7.jpg,1
2723_Matig_jpg.rf.e814c1451ccdfee7bc2466a1b382e17e.jpg,0
15112_Slecht_jpg.rf.e891a62591b1183457719b100d499537.jpg,1
11927_Redelijk_jpg.rf.e742fd01f8bf3ff7f025cf776b33b28a.jpg,1
4840_Redelijk_jpg.rf.e76deb1cc0cbbe5d381ef1e46fff5683.jpg,1
8788_Matig_jpg.rf.e9438a6bffd30c655400b61eaf891720.jpg,1
28244_Matig_jpg.rf.e8f9869cd3b9c5f31e43d920bb6987ec.jpg,1
3179_Redelijk_jpg.rf.e996d2c5fa8c863d6e324767e868e1c3.jpg,1
18817_Redelijk_jpg.rf.e96e2f47e7799a494ae35b4acca7eebd.jpg,1
2310_Matig_jpg.rf.ead0962aba91f90048a549258bcdf144.jpg,0
9061_Matig_jpg.rf.ea395ce248295a7dd5ad3c342c1a9ee4.jpg,0
11838_Matig_jpg.rf.eb9c6cd65c2b9b646e3d71adf4e1820a.jpg,1
7562_Matig_jpg.rf.e9a7ee01fc7477ba79d5c4aca05e0a54.jpg,1
15788_Redelijk_jpg.rf.eb1e0f9724f41cc59da4a862f8805230.jpg,1
1081_Matig_jpg.rf.ec85418702c17cd383081940f175f78e.jpg,1
8658_Matig_jpg.rf.ed4529cec6118165bd51179c51d065ab.jpg,1
25070_Redelijk_jpg.rf.eceaefcbb21090f69ed748d8e8ee1c5a.jpg,0
2813_Redelijk_jpg.rf.ed635171cfd13b31de15e27ae2ed4b3c.jpg,1
14603_Matig_jpg.rf.ed5ede6deea740aee9e6b759f6e39418.jpg,1
19177_Matig_jpg.rf.ed68aba99b703d33627b0dee92c03f4c.jpg,1
10918_Matig_jpg.rf.eebe22b1118fab4b4156527fd2faf340.jpg,1
14402_Matig_jpg.rf.ec09111e7721c28d2c4cb8ac367565be.jpg,1
2958_Redelijk_jpg.rf.ef538ac4740edee1ab884efdb1440b30.jpg,1
11976_Matig_jpg.rf.ee02af0e38a2edd6c796bbe555612505.jpg,1
19199_Redelijk_jpg.rf.edc1b7c11be95778b33ed1e17b608b3e.jpg,1
10006_Slecht_jpg.rf.3f074cff6dd0d5adae9103af3bd43ae1.jpg,1
15826_Matig_jpg.rf.3e09cee3a49a00d491fe4cf7e6b6ede3.jpg,1
14904_Matig_jpg.rf.41bd106723703c554b6a7720ce863d91.jpg,0
25079_Redelijk_jpg.rf.3f8d7599b7ef46e3715c53cc92c1702a.jpg,1
10798_Redelijk_jpg.rf.3e7b4790bfcaf601c2380b5c325cb69d.jpg,1
18066_Slecht_jpg.rf.3ca5701163b630a145ae5dcb5d667188.jpg,1
2228_Matig_jpg.rf.3ce46c43e3625226f77b0dfb3c19c2b2.jpg,1
12438_Matig_jpg.rf.3c36d6807b332c93b0fe0441ede6477e.jpg,1
25072_Redelijk_jpg.rf.3f8e343fbf83d892971fa2a62ebeda3b.jpg,1
7522_Matig_jpg.rf.3d4abbb901cd974d89af370c6840fa33.jpg,1
7126_Matig_jpg.rf.3d1920a47b79fd805b2c859e9d5afe98.jpg,1
15615_Goed_jpg.rf.3dce1f860ccf7553121babbaa28aa229.jpg,1
17287_Matig_jpg.rf.40f4b055fcbd6afe6872b9d31efb6d7f.jpg,1
14744_Matig_jpg.rf.41031fa1a08e074a003fc3e0f88437dc.jpg,0
2503_Matig_jpg.rf.3e658563e060c0e5303645d9b0768ca1.jpg,1
18032_Matig_jpg.rf.41b320eefb98f1bd5d4a51ee1d08575b.jpg,0
16810_Redelijk_jpg.rf.417b75d1653e84d10d87045b73af4baf.jpg,0
5267_Redelijk_jpg.rf.40c62c7d2c2c1ba5b064c51393d210b7.jpg,0
12327_Matig_jpg.rf.3da87a2f87674eb73a7bc3ade6d9f885.jpg,0
3095_Matig_jpg.rf.409ee37eeecf5d0605606a0a9f9e9dee.jpg,1
12868_Matig_jpg.rf.3f45599d46ffd5e89f37bb0b8393c19d.jpg,1
18695_Matig_jpg.rf.3f1ad9551832f1d3f9dd5aca2822e1cb.jpg,0
6762_Redelijk_jpg.rf.3c081acd61cc6ea3623acf013bc1ae32.jpg,1
10217_Redelijk_jpg.rf.424f72bdf4a61fe49b8dfaa000ff9f37.jpg,1
9019_Matig_jpg.rf.41d331eda24819976337e090ebcd4efc.jpg,1
26640_Matig_jpg.rf.4137f6a80b744ab9e851b979335b9614.jpg,0
579_Redelijk_jpg.rf.42880fdf54052fe326c60196f6437156.jpg,1
8280_Matig_jpg.rf.441e4c5640d29c899fe4c316c14abc1a.jpg,1
14610_Redelijk_jpg.rf.41fef49e9d6fc8879aa54534b63441da.jpg,1
20295_Matig_jpg.rf.44830003d5626025147cd4e4ee82faff.jpg,1
13375_Dood_jpg.rf.42e00ffb722996489da06a46ae5d5361.jpg,1
26732_Matig_jpg.rf.3c0185dc91434ddb0beb80a3528dacd7.jpg,1
10155_Redelijk_jpg.rf.43072b63914940c70a4d23741a8227ed.jpg,1
14992_Matig_jpg.rf.45132b6c3436ab52c92a76c6713a7454.jpg,1
1524_Redelijk_jpg.rf.45447e766922dc7fe88eba3f378fc4dd.jpg,1
12205_Matig_jpg.rf.4621a6921010875f629fa008a358a12a.jpg,0
19361_Redelijk_jpg.rf.466f479ba225c99045a98151925007ca.jpg,0
15590_Matig_jpg.rf.4732f1d354866df27199f8e781fef0ba.jpg,0
2735_Matig_jpg.rf.4766f7f505f793f0e07c57e76fbe3ab6.jpg,1
23396_Redelijk_jpg.rf.47659e7cc2d8594bc83b1e824c08c8a6.jpg,1
12997_Redelijk_jpg.rf.4866fe59982250ebbc0f7e0dd6d69f02.jpg,0
11322_Matig_jpg.rf.498473838d653183013ae2738409393a.jpg,0
17037_Matig_jpg.rf.4a8ca51c5b47559ab323f18d4cc266a5.jpg,0
7530_Matig_jpg.rf.49eb108e60fd26bab3b93d9e6929ca10.jpg,1
26699_Matig_jpg.rf.4ab806127a1832e3391a970fac23b786.jpg,1
21544_Matig_jpg.rf.49f5f81de700c51f6796c85cd978c825.jpg,1
22629_Matig_jpg.rf.4b388e87271f5773faa8b98c213602e7.jpg,0
1059_Redelijk_jpg.rf.4b71089711cb754a957dc6b6153622f9.jpg,0
17539_Goed_jpg.rf.4be7f0dd2973e84f0797ea5172246dc5.jpg,1
11401_Matig_jpg.rf.4b598aa1427e82a56a861fb9b13654b7.jpg,1
22652_Slecht_jpg.rf.4c6d1609344f0bb04fc993ae42019564.jpg,1
10492_Matig_jpg.rf.4ea9f81857cb1bfc53f1a95f027d597c.jpg,0
28454_Redelijk_jpg.rf.4ec6aa00535cfeaa24bd16ff99dd46ab.jpg,1
21029_Matig_jpg.rf.4e14e693bb6761a03372046c4b3fcc0e.jpg,0
5657_Matig_jpg.rf.4ee597a230824749ca36988268ad5f61.jpg,1
8371_Matig_jpg.rf.4cb50e72a3617385d0d1936f334a9640.jpg,0
17632_Redelijk_jpg.rf.4fcc124d7d639cd4f3afb8e77988520d.jpg,1
9041_Goed_jpg.rf.4c56866ebd267bdfd8a7f9beaaa62b5e.jpg,1
17001_Matig_jpg.rf.4f7c10d2a2af56720965d38abf23f452.jpg,1
25817_Redelijk_jpg.rf.4ff59730295c67319ef1e57816f5c5f6.jpg,1
6758_Redelijk_jpg.rf.5025867d5ae881664583f17e2dd30160.jpg,1
12691_Matig_jpg.rf.504dcd16761f08b9cfcf5b053d3d768a.jpg,1
14174_Matig_jpg.rf.50c0a7148e1c0d33032f82d481a07dbb.jpg,1
13251_Matig_jpg.rf.4fecb374d46ee322a5f47a497144101f.jpg,1
22223_Matig_jpg.rf.5047849db6ea01d4a85a7ae67f888311.jpg,1
23884_Matig_jpg.rf.5260437b0ca90a2044a4f20ea16485aa.jpg,1
28744_Matig_jpg.rf.515e3180a0fd432fe6d2a4b3514d2c9d.jpg,1
11566_Matig_jpg.rf.5167f4d9e511629fb6892b87f46844ab.jpg,0
7012_Matig_jpg.rf.50eee4f7ea8eb5a6d8f4ec351f43a48b.jpg,1
28192_Matig_jpg.rf.5309098f98d7e0edbaf2148a55f802cf.jpg,0
19908_Matig_jpg.rf.53dfe2dc3e9f01624d260f175d8156ca.jpg,1
20278_Redelijk_jpg.rf.543505d0ee7ee412987ece4e25d6b29d.jpg,0
2406_Slecht_jpg.rf.540e6ac21b7b081ff5c3f72b4db007d5.jpg,1
26581_Redelijk_jpg.rf.52645523538a311691c18a3a7548ead2.jpg,1
23907_Matig_jpg.rf.553628c8abab4a849d4979e846532780.jpg,0
7532_Matig_jpg.rf.56d6bea7345ef62a5ac21babb152010d.jpg,1
1938_Slecht_jpg.rf.54ba781790e84bb30835926bb2c47ec7.jpg,1
24774_Redelijk_jpg.rf.5705f5ad5071e74c1d87681c7d7b01b1.jpg,1
14326_Matig_jpg.rf.54b4babe0cedf68358b6d16758a0e82f.jpg,1
4337_Matig_jpg.rf.59274de02e24c32d81f1e99efdde4210.jpg,1
4271_Redelijk_jpg.rf.5711206bb3db1cfac3aa10a1173b3c69.jpg,1
11289_Matig_jpg.rf.573ca0978a83e0b1887c7bc6f225c7f3.jpg,1
14246_Redelijk_jpg.rf.56cd16f54016ef8c84a2a3a2bad05a57.jpg,1
9647_Redelijk_jpg.rf.5b46aa2bfa4b3211d3956d7b6735c7bf.jpg,1
27982_Matig_jpg.rf.5a019f8fc6f438aa64046bc777afc053.jpg,1
2380_Matig_jpg.rf.5cffed944bce96f6189776d478b4ed62.jpg,0
18466_Redelijk_jpg.rf.5d001a2bca6681dc8f0981c0af631405.jpg,0
10357_Matig_jpg.rf.5f9c69b04254394ff18ecbcac32e9d8b.jpg,1
17714_Matig_jpg.rf.5e0073c35bebd98e9b64f7d7e8a59670.jpg,0
1401_Redelijk_jpg.rf.5eab47f8f6133631fa2c903c6e0ad643.jpg,1
25749_Redelijk_jpg.rf.5bc7e129b870f63abce5dbbeacdb041a.jpg,1
10079_Matig_jpg.rf.60f267f3d0b0fea5e304c9688416260f.jpg,0
13685_Matig_jpg.rf.60b095002fced8473ec3e82e655960d6.jpg,1
14862_Matig_jpg.rf.5e9c2e8ac696af8485781e3f4c8f0bb1.jpg,1
2779_Matig_jpg.rf.5f859a516484294fd9d479d943baf661.jpg,1
12143_Redelijk_jpg.rf.61029df5ac07c4f8bae62fe5bdd8aa42.jpg,1
10543_Matig_jpg.rf.61047a3e14fa96f477611fb38aba184f.jpg,0
17621_Goed_jpg.rf.6126af744c321a4ce31ee0757ade86b3.jpg,0
16282_Matig_jpg.rf.6149343a439a7db5d6b5c87c676ab308.jpg,1
27629_Matig_jpg.rf.6189b63a2bc1a7a5f24afe9b328f9036.jpg,1
8630_Slecht_jpg.rf.603c5a907f6fec826ba4baad7bc3c7c7.jpg,0
1608_Matig_jpg.rf.63469ec2d92d96cf59abcb53ad3ee02e.jpg,1
6725_Matig_jpg.rf.6404de34a20a25b515e19aabbd6fe4e5.jpg,1
3483_Slecht_jpg.rf.640fe88b76e558340fbbfc210ac80ea6.jpg,1
24427_Redelijk_jpg.rf.649f0cbb1eaf6b7fa69d243c6d766d1c.jpg,1
15482_Redelijk_jpg.rf.6545930f8e0e6189750364c512295a8f.jpg,1
6891_Redelijk_jpg.rf.655273278ed90ac54bea26da19611171.jpg,1
4497_Slecht_jpg.rf.65c559735cd42bda62d988aa718cd83f.jpg,1
970_Matig_jpg.rf.629df87f3f6e4c44c7394ac49517aab1.jpg,1
16346_Slecht_jpg.rf.650f4fe35d5449c369ad366547a9c7b5.jpg,0
5120_Matig_jpg.rf.6552f30e7ea8dbc86845b74ccf85cb61.jpg,0
10068_Redelijk_jpg.rf.66391ce21542b73286ec436b4f38db19.jpg,0
13053_Matig_jpg.rf.65848c6a9ef10b80370370e31d5955cb.jpg,1
12165_Redelijk_jpg.rf.67aa370cbc863d6ec50d6baa018a08e1.jpg,1
6569_Matig_jpg.rf.68597be119dd7c7d1dc8dc528a126242.jpg,1
5531_Slecht_jpg.rf.661040d921847c551bee44ecabc1bd49.jpg,0
18318_Matig_jpg.rf.68684cf49cffa9383ed44a632679173b.jpg,1
20944_Matig_jpg.rf.659f2eaa0ae0ba28445731ab7a3aeba5.jpg,0
21752_Redelijk_jpg.rf.668a9588a3e0712af282e72562e9d703.jpg,0
2094_Matig_jpg.rf.68d13391c1bf6c37e7078836f73a99cf.jpg,0
10575_Matig_jpg.rf.695f5d29aaa6d047f93ad0770445d87b.jpg,0
28124_Redelijk_jpg.rf.6a11713ea1d3152a727f395d4232c1a4.jpg,1
11977_Redelijk_jpg.rf.698b886adbb44ecd90bfc091004f7b0c.jpg,1
18549_Matig_jpg.rf.6982bf8bb198efc25c1282649bcbaa65.jpg,0
14265_Matig_jpg.rf.69d5060f8c6fe633a367a19a055a1ddb.jpg,1
15987_Matig_jpg.rf.6aa1eb1f105e68ddce93a693ad706889.jpg,1
18765_Matig_jpg.rf.6a7159b7f2b38fe05519029c06a5365b.jpg,1
12652_Redelijk_jpg.rf.6ad83214dfc0c3f2edc2f8a3316471d2.jpg,1
10285_Redelijk_jpg.rf.6a399eb28f00375040b2bf27bec08d54.jpg,1
13265_Redelijk_jpg.rf.6d0fad1f1c00bab047e570a424e4f65c.jpg,1
28965_Matig_jpg.rf.6e36c5fb8fec1cdfe26e1f9618b04428.jpg,0
17787_Redelijk_jpg.rf.6ae12a4fb0a508fd3d0bea7279076200.jpg,0
27174_Redelijk_jpg.rf.6ea732aa2634d65f496b111b00452dff.jpg,0
11823_Matig_jpg.rf.6b82ff6b9f5a2bd7a36281cb6adb5d58.jpg,1
17451_Redelijk_jpg.rf.6e273aaf9909b64151ef9a23dff08082.jpg,1
20735_Redelijk_jpg.rf.6ed531384f9c664480d917774b845f01.jpg,1
9606_Slecht_jpg.rf.6efd087cdd53bbea7eb07f01a9b059be.jpg,1
11011_Matig_jpg.rf.6ece95adf298ab69c3bc211444dfd3e5.jpg,0
15996_Redelijk_jpg.rf.6f62fee00148bb594bd164fe50671ba6.jpg,0
629_Redelijk_jpg.rf.6fc58912d1145df729a064f9fe6f167b.jpg,1
22180_Matig_jpg.rf.6f76f23fdc5a471951ac7951b425e242.jpg,0
10971_Matig_jpg.rf.6fedd079c5eb5d9adf0788e5cc09bb00.jpg,0
29_Matig_jpg.rf.713ccd1bcf9d8d0f4a9309456087ccdd.jpg,1
6251_Matig_jpg.rf.71fed914fef094cd48afb243f9698ef4.jpg,1
15001_Matig_jpg.rf.708e32289c58989366f777677c2aa4b5.jpg,1
2030_Matig_jpg.rf.734f5146cff852bbdb358b51abfa71d8.jpg,0
27302_Redelijk_jpg.rf.7408cda58d3fe5d2f73af0087af057ea.jpg,1
2051_Matig_jpg.rf.733b489bf571ab9896feba3a0046de3f.jpg,0
26596_Slecht_jpg.rf.745108c5e4a95ea3fa984189a70024ce.jpg,0
23885_Redelijk_jpg.rf.74e94949b9ea15733e7a7c70f9bb3eff.jpg,0
6405_Matig_jpg.rf.7494e9a22f93ba40ceba07a98b755d0a.jpg,0
22212_Redelijk_jpg.rf.7551a5fcc92997dcfd4195b12fc40811.jpg,1
16688_Matig_jpg.rf.762c52e5aa0a881126e428759c6cd8f4.jpg,0
14536_Redelijk_jpg.rf.75dc1fde21467fa3d289cb3673dd6902.jpg,0
18796_Goed_jpg.rf.74e7831c7aa78d7e1cb4411bc9d92898.jpg,0
4834_Matig_jpg.rf.76e3684444bafda1cd76f970422634ae.jpg,1
1962_Matig_jpg.rf.75e5a53d78ad1af7de17d2f2c3a5fb71.jpg,1
3482_Redelijk_jpg.rf.75f1500974c623f94d02b0abdfdda51a.jpg,0
15145_Redelijk_jpg.rf.774a3da23b333e019834ba67e0b2ba54.jpg,0
8375_Matig_jpg.rf.77536d8ad1ce45bab64965a4754e3b8b.jpg,1
18201_Matig_jpg.rf.76fdb6bdd1053e7fcbcde74dacb1edac.jpg,1
20324_Matig_jpg.rf.77cc8a1c5c5bfa084750195d240a69d3.jpg,1
26163_Matig_jpg.rf.77d4d12c9f28b586a864af74427e4d3f.jpg,0
11649_Matig_jpg.rf.77a372fb1046b6300cce17507f26ed5e.jpg,0
14666_Matig_jpg.rf.7887ac3090e0796695a2ea63aaf31ab4.jpg,0
16085_Matig_jpg.rf.794671487c664a6e7845a7ee9a598279.jpg,1
14872_Matig_jpg.rf.794415f5beb879ce4ab7287219f6975d.jpg,0
13290_Matig_jpg.rf.79ca870d2f6d014dee7b62e73e03874b.jpg,1
8098_Matig_jpg.rf.7b07f6dae574bbf038d7f4eb4a374418.jpg,0
3940_Matig_jpg.rf.7aafda6f0e99440c8eee580576181a51.jpg,1
7377_Matig_jpg.rf.7ae33f27f385a8cf7f6fa9dcc2bd0c45.jpg,0
14944_Dood_jpg.rf.7ab8214247f1fc55a6756ab77f54e60e.jpg,0
17912_Matig_jpg.rf.7b17d29829939eaec1b1283289769371.jpg,0
4992_Matig_jpg.rf.7b29261c0cd549bac7a005fd348a1953.jpg,0
3038_Matig_jpg.rf.7d46f1312252ccead216c748d8431502.jpg,1
14164_Matig_jpg.rf.7d18a0c8f784cdcd1b226bd3e7bd75a9.jpg,0
28690_Redelijk_jpg.rf.7bf3c4fa23b400d0954906c5aa5d9c21.jpg,0
8296_Matig_jpg.rf.7d4b6a1b7ea7bdefff9b364ce8739d91.jpg,0
19423_Matig_jpg.rf.7e4d8f5d8fc6067f5a1e52a5a5b8ad7c.jpg,1
10201_Redelijk_jpg.rf.7de044baa8b3ff606516a4499cda3258.jpg,0
11655_Matig_jpg.rf.7e7dc5657ccd6a647feaa3d3bb17a14a.jpg,0
22206_Matig_jpg.rf.7dd584d6983e8ede3c85c4182d2aca0a.jpg,0
26889_Matig_jpg.rf.7ff1de6d2a24e106fe42243ae0d918e2.jpg,1
23121_Matig_jpg.rf.7ef27ce3cf52d74a9cf318e653351951.jpg,1
14542_Redelijk_jpg.rf.7fb64c44ce93296b74794542177ecc82.jpg,1
15934_Matig_jpg.rf.80f8d1231403d394d2c127f10b55ce64.jpg,0
15212_Slecht_jpg.rf.7f60ba7df94c9aa1260e860fd3d3984d.jpg,1
17201_Goed_jpg.rf.8013f2c922ea3319b539728c2e5184ff.jpg,1
576_Matig_jpg.rf.805f0cd25f9946b5b4f6674bc929bd4b.jpg,1
21386_Redelijk_jpg.rf.816936ad2c5e65e67778cb3e8cc2a54e.jpg,0
2331_Redelijk_jpg.rf.823595f426b9b6115762badb3c867ac4.jpg,1
24978_Redelijk_jpg.rf.811a14c22c395070701e20292d2d9635.jpg,1
9106_Matig_jpg.rf.834518e8457a4451cb40a2072f268f4c.jpg,1
14569_Redelijk_jpg.rf.8401849c3e0e3e43f19abff6bbf2d963.jpg,1
6014_Redelijk_jpg.rf.8278fea5e2f9145e152b066bcb73a7de.jpg,1
26857_Matig_jpg.rf.84590e1c072b263fe7b28f3bee4cfc0d.jpg,0
21781_Matig_jpg.rf.8143ed3431d2febb5ba04796042b5acf.jpg,1
2382_Matig_jpg.rf.848659b41c0498e36e37e146bd139444.jpg,1
6850_Matig_jpg.rf.85e8763466ad40dadc6466ab7f1deef3.jpg,1
5755_Dood_jpg.rf.849e5de65b103ed1e9d829427674f703.jpg,0
11647_Matig_jpg.rf.873649d1f2ec08f5619c2d21c97c7787.jpg,0
20895_Matig_jpg.rf.853b9316e03637af210652c7e2f1ab25.jpg,0
18600_Matig_jpg.rf.84c4ae0e69208eccce91eac1eaf5ef9e.jpg,1
1603_Matig_jpg.rf.886015dae4a980532da83066e18f60f5.jpg,1
1657_Matig_jpg.rf.83156f2eb47459e6a2cbed8a1cd2f891.jpg,0
23450_Matig_jpg.rf.8592b2dadbd199a49bd68ee714a87f4b.jpg,1
1939_Redelijk_jpg.rf.877ca6081ecc3f3947550c8428be9f28.jpg,1
7371_Redelijk_jpg.rf.875610afb7a6e8a955d7f236e71f3299.jpg,1
13088_Redelijk_jpg.rf.88ecde240ff9bd12521943d9b40d87da.jpg,0
1185_Matig_jpg.rf.88a745a9a4aef9fdd9183d218dbcaf11.jpg,1
17150_Redelijk_jpg.rf.88fe1e823352e7458048d8c714273579.jpg,1
21020_Matig_jpg.rf.8974849e11907452119c4feecf924185.jpg,0
2234_Matig_jpg.rf.8a07315455df8b278c4c5b62b038460d.jpg,1
6745_Matig_jpg.rf.8a80935a1d5f86543b458002ffa58605.jpg,1
1564_Matig_jpg.rf.8aa1b4b4cfd829fcb7c2d791f2228971.jpg,1
21398_Redelijk_jpg.rf.8920eb282431e9bff7bb5457fcd8f690.jpg,0
8581_Matig_jpg.rf.897b291a01af8c280f27c3efa8099a03.jpg,1
31650_Matig_jpg.rf.8abc19cc10c657bb3aec3f5d991c1da4.jpg,1
22209_Goed_jpg.rf.8ae8b396c604576f436a3b44686a44c1.jpg,1
12595_Matig_jpg.rf.8ac4efada6ec310927986d859b87636c.jpg,1
27299_Goed_jpg.rf.8ac2eb7518fe482e49ea0933abc57b42.jpg,1
4311_Redelijk_jpg.rf.8c4aba6ccfdc3c1b401fd98fdf0f294d.jpg,0
12634_Matig_jpg.rf.8c99d7940269a95a0c98b70cc55a9f33.jpg,1
9422_Matig_jpg.rf.8cd7b22a80adc4a0f292d87d6946c422.jpg,0
26251_Redelijk_jpg.rf.8bc85fd16a69f7184a443f3aa1731b5e.jpg,1
6344_Matig_jpg.rf.8dac49d9673e44bd9293f0b0ce062939.jpg,1
11882_Matig_jpg.rf.8e42ebe09106bde656ab6041106a6d17.jpg,0
12679_Redelijk_jpg.rf.8da77e065b75c36b96fc63b701466340.jpg,1
13577_Redelijk_jpg.rf.8e01d70cf6d44af348069c0e2b249906.jpg,1
30035_Goed_jpg.rf.8f9251e9579e5fecfafa2216f88ab42b.jpg,1
20801_Matig_jpg.rf.8e84c6786fb24409e0707dcf4cce3268.jpg,0
8823_Redelijk_jpg.rf.905c606dcc763251eacd7af34e76e935.jpg,1
528_Matig_jpg.rf.8ec318fd49aee69f03d627534070d9dd.jpg,0
20354_Matig_jpg.rf.8ffd03e6c3aa77ae8a5c82fb672e7434.jpg,1
26790_Matig_jpg.rf.912421b401ee1321ef90d1272c2410e2.jpg,1
13396_Matig_jpg.rf.90c6c0abad980211c3e24fc505b91d92.jpg,1
19032_Matig_jpg.rf.911e1d5b86c21a36a850c4e98f5a9ddc.jpg,0
10986_Redelijk_jpg.rf.919b03714605b7ac216d1f04fd68ccd8.jpg,1
475_Matig_jpg.rf.91b7e60305ea1ca615d1253537f1dcda.jpg,1
11816_Matig_jpg.rf.91c659960c425b4c5c5a82fa4adbd2a6.jpg,1
14053_Goed_jpg.rf.91f18cb808c8a66fd2421d7709f519b1.jpg,0
12613_Matig_jpg.rf.935baee8ae39b3a7afcbe6a442c35291.jpg,1
19581_Matig_jpg.rf.9353329a3bc9f0103342332fdd8f4266.jpg,1
5085_Redelijk_jpg.rf.9393fa113f73d58a73190db2d2251507.jpg,1
9501_Matig_jpg.rf.942e01aee1e17aec3cb0dc0e3ca16468.jpg,0
17983_Matig_jpg.rf.929359033df0a4f072004d7652eee5e7.jpg,1
4498_Redelijk_jpg.rf.948cf6008f21e2018bf2dde0eb11ad13.jpg,0
4235_Matig_jpg.rf.93bda7c6377b27dc860980b46a259152.jpg,1
9909_Goed_jpg.rf.9523e5b704084490d7179a32c5f5da85.jpg,0
2325_Matig_jpg.rf.946d5cf6a855cd6b3d2a12a28a95797f.jpg,1
23143_Matig_jpg.rf.0217e167eee5727dcb795f815062775e.jpg,0
18539_Slecht_jpg.rf.0154fa7817f1ed35a7840501a09a7f1e.jpg,0
20704_Redelijk_jpg.rf.02df9219b9e0ccafd230e85af4603970.jpg,0
11824_Redelijk_jpg.rf.02fee92701d07c482e16859fb328443b.jpg,0
16642_Redelijk_jpg.rf.042aabcfbd0c8d562059cc5a75a1d707.jpg,0
11609_Matig_jpg.rf.045af4818fddb4fd15ecf39c0b9e7bf8.jpg,1
12877_Matig_jpg.rf.0444dfe17175bb03886b8f16461e3e51.jpg,1
14493_Redelijk_jpg.rf.048b4a4b44ca1fda6048ee0c9b678451.jpg,0
18954_Matig_jpg.rf.050447540df2fe22ebba842aeb01d708.jpg,1
11644_Matig_jpg.rf.04c5f7969c0cd967eb948e59c602e731.jpg,0
22191_Matig_jpg.rf.056cbb09b76bf5c7a4cba4333d4ade96.jpg,0
15481_Matig_jpg.rf.053422dda893e6c7874ea97d2d34e431.jpg,0
17505_Matig_jpg.rf.047198c489ad0510256931af03ed4431.jpg,1
12932_Redelijk_jpg.rf.05822d5d74309d94d84ed4e6b4569e96.jpg,1
19443_Redelijk_jpg.rf.05b76abca5814f6035f71d021a48da69.jpg,0
19346_Redelijk_jpg.rf.058b6b29c5de12a8d2c8c4e152d27e7b.jpg,1
534_Matig_jpg.rf.07a15901c192e1fb42e239033371683b.jpg,1
19473_Matig_jpg.rf.0724241b2de829c39c33b82b47c50b95.jpg,0
9654_Matig_jpg.rf.064deb85b14e915dd59ce751cf8c074a.jpg,1
28958_Redelijk_jpg.rf.08af6f39346ecc080e56a4dbf7097d65.jpg,0
5785_Matig_jpg.rf.08a4524f4c88784b265121b3eeb59c07.jpg,1
15558_Slecht_jpg.rf.09664da50e6903f6d1eee1b5d449063f.jpg,0
22_Matig_jpg.rf.0993a8343572dd4f398482a44cef6e8d.jpg,0
14770_Matig_jpg.rf.09756e803cbc162f129b0dd516c1ec93.jpg,0
12444_Redelijk_jpg.rf.0985747014e86ab64d74902adf3fcfa3.jpg,0
11336_Matig_jpg.rf.0c20ef8dd86feef2d2b7fb7c33156efd.jpg,1
18376_Matig_jpg.rf.09dc147b9abc804ef71deaa9478c80af.jpg,0
15484_Matig_jpg.rf.0d2e2867c0c62f06ed42258d50b59421.jpg,1
405_Redelijk_jpg.rf.0a0452ff0476b09675a6fd6f4623f234.jpg,1
15614_Goed_jpg.rf.0d7c626841fa35a4e3d4e79f464ff27c.jpg,1
25949_Matig_jpg.rf.0c5f3651fecc8006dfa91156f7fe414b.jpg,1
17531_Matig_jpg.rf.0ca7c13452d77c23fcf9bf2981f25270.jpg,1
13518_Matig_jpg.rf.0bbd47ccbab751a0646cef3b807168f8.jpg,1
4689_Redelijk_jpg.rf.0d9d42da88b66e1e7e4d089fc5a69338.jpg,1
5917_Redelijk_jpg.rf.0d95477d1f01318f540017d3920845bb.jpg,1
16800_Matig_jpg.rf.0dda80e822b430c1fcd380d4031f9d4f.jpg,1
22779_Matig_jpg.rf.0da10e380e2086fb92a0d3fc8fb264d6.jpg,1
3329_Matig_jpg.rf.0e7ee11bce49676e172f510e0b6cf1d8.jpg,1
7649_Redelijk_jpg.rf.0e4775778f2ee0a4423c8a2738055e92.jpg,1
3964_Matig_jpg.rf.0f06b3b0695777cc1292237da7b39335.jpg,1
14384_Redelijk_jpg.rf.0eaa41ec2a862520b0ebd61c48616827.jpg,1
8673_Matig_jpg.rf.0f5b98d16e0c54bbfb0118c52ad11181.jpg,1
17170_Matig_jpg.rf.1071a2a627fabad2fea061c2bba22084.jpg,0
9390_Redelijk_jpg.rf.0f99c515f51542338a8c37bb50d5cd88.jpg,1
9541_Redelijk_jpg.rf.0f3a61cc06f4785e24131f836f34940f.jpg,0
10709_Redelijk_jpg.rf.10ec458c90ffe78a043cf8ec48e5b372.jpg,1
8244_Redelijk_jpg.rf.0ffc7cec04edae17bba97b6548f29c52.jpg,0
1533_Redelijk_jpg.rf.11340a020c60f0e2034d056c6cf9f7d8.jpg,1
6037_Slecht_jpg.rf.12b78e51a9f8bf7d6e9d2f8a797cd922.jpg,0
31702_Redelijk_jpg.rf.122dcd483c74fc6cc965a1d83a3c8376.jpg,1
11903_Redelijk_jpg.rf.1329111fd997b0c25deccd18f21ba76e.jpg,1
7160_Matig_jpg.rf.119b7abf8ca279ad1c21aaab315d246b.jpg,0
18875_Dood_jpg.rf.1381c8483e84ac6128c77148261379b7.jpg,1
11594_Redelijk_jpg.rf.14456231ee07ce6ef629b68d5b9daddf.jpg,1
26575_Redelijk_jpg.rf.1485eb3af22d276d61fb82a9877ba24f.jpg,0
11651_Matig_jpg.rf.1493be3fe0a72d04bad986358cd9e1db.jpg,0
16440_Redelijk_jpg.rf.13eeb5307ea918322e92d600f8e6053a.jpg,1
9092_Matig_jpg.rf.14925e28367bbbba7c35c887f33d80cc.jpg,1
525_Matig_jpg.rf.14feeeac79d410f5162e311772cfc9b5.jpg,1
17496_Matig_jpg.rf.15b1b75a1455c02b7fc7f97a4e5532a7.jpg,1
20715_Slecht_jpg.rf.1646a91b5c0fa1c888b57585de82828a.jpg,0
3347_Redelijk_jpg.rf.158129d912b4ae0af7fd656a070f9d8f.jpg,1
2709_Matig_jpg.rf.165e81fdb7e963fed30c486b549bd4f9.jpg,0
14321_Matig_jpg.rf.16a4446b89bf53d1d2cb63e45ba974fc.jpg,1
2218_Redelijk_jpg.rf.168f238a2966911b8392a640f4a1798f.jpg,1
15015_Matig_jpg.rf.1710efd4a26a58f6197e926b1a4c4c11.jpg,1
18091_Matig_jpg.rf.16eceb9bdf093ecdda917fb21ffe628d.jpg,1
5070_Matig_jpg.rf.17dad16ccdab38c2ef316aac68c34718.jpg,1
20772_Redelijk_jpg.rf.17f34a476edf1fb614321b8cb187077e.jpg,1
11879_Slecht_jpg.rf.1814ee855b8a1e8321b2af2418121550.jpg,0
14079_Matig_jpg.rf.18ad26e096ff8b8d216ae2d122de48b5.jpg,1
7361_Matig_jpg.rf.1a419dfc09f854d5f9bdd9fe3f939294.jpg,1
1413_Redelijk_jpg.rf.1aae9f5277d6f86690e25ea2944cb4f5.jpg,0
9172_Redelijk_jpg.rf.19ab262bcf5ba0496033e9a37141a286.jpg,0
9843_Matig_jpg.rf.1d72db6b28f3b313a7f6e3a315d89564.jpg,1
19651_Goed_jpg.rf.191d9677550eeea23554d68b1a3589ee.jpg,1
17403_Redelijk_jpg.rf.1b8109dd544c5413e76732cf8b2a375f.jpg,0
12667_Matig_jpg.rf.1c643b464777f23967e7d49a74d60dc9.jpg,1
12436_Matig_jpg.rf.1e0a1f76cbe261ec3811912fbbf92659.jpg,0
15781_Goed_jpg.rf.1d9aae5a7462d7014d64268a59a7d2f7.jpg,0
8738_Matig_jpg.rf.21c712f2f6665657fbcea34bf29c43f0.jpg,0
10200_Redelijk_jpg.rf.1e9e0e866e8f65061231fe84a8b5d988.jpg,1
9692_Slecht_jpg.rf.2009dd379d450f6f4e81deed4864c3aa.jpg,1
14456_Slecht_jpg.rf.22719820b6d40a6cf559e495f05ac85d.jpg,1
1403_Redelijk_jpg.rf.1e352dd953b59e0baf4b2e4e6dc5b78a.jpg,1
6704_Slecht_jpg.rf.22fc7978824a57b93d99e66bdfdc202f.jpg,1
9451_Redelijk_jpg.rf.2063f7cbb718627925748231ace54c79.jpg,1
11908_Redelijk_jpg.rf.23dd8fb5d33cc7f4b2f83ec9676a85b9.jpg,1
12418_Redelijk_jpg.rf.239d3b352ecd0f85791f2b97683a8b28.jpg,1
11868_Redelijk_jpg.rf.23fb839a1729eb465815260bbfd66dd8.jpg,0
24209_Matig_jpg.rf.24c3a004f2b95c33c03cb24d0efc0996.jpg,0
9085_Redelijk_jpg.rf.25b3a35fba1e23d11b739daead379e7b.jpg,1
5002_Matig_jpg.rf.25b5060f65549d18333111bde1981b9e.jpg,0
2158_Redelijk_jpg.rf.25c24a215a7ecbddda46b3e82890d1b7.jpg,1
54_Matig_jpg.rf.26776c383f16b78c65df7d868c9e8036.jpg,0
13946_Goed_jpg.rf.25ec84c9c7ec102308ef22254b95a549.jpg,0
733_Redelijk_jpg.rf.2677dccfa0edbd71ce319428e976755a.jpg,0
19654_Matig_jpg.rf.281e5dffb6103c0f9e1d168730ccbd9c.jpg,1
7753_Redelijk_jpg.rf.2727061abbdd3a527c9fcca191b60afe.jpg,1
9423_Matig_jpg.rf.286b675bb32b10e6dd68078cf373ca50.jpg,1
9471_Slecht_jpg.rf.27fb708d38431ed52239b6ac6a9926ac.jpg,1
13420_Redelijk_jpg.rf.27a2ff28065f7b6880ee245ad783ae08.jpg,0
18646_Redelijk_jpg.rf.28390ebc27bfffecca1c25297303cf20.jpg,1
7_Redelijk_jpg.rf.26fbe4d170bc42122dcfd84de5ef49f5.jpg,0
20512_Redelijk_jpg.rf.26c1ad2e40bcc5d4eedd88eaa9c616ff.jpg,1
14594_Redelijk_jpg.rf.2a244037c4bfe2469cb5ba025f0a0ad4.jpg,1
17821_Redelijk_jpg.rf.28be9609ee3bf6dcb1ff258c1cf692ad.jpg,1
16119_Redelijk_jpg.rf.2b72f15a68a54cbf6311a89cc318f063.jpg,0
1173_Matig_jpg.rf.2af8729f365910b39f05f510a136a434.jpg,1
21681_Matig_jpg.rf.2ab724ab2cc81e345c0050a858c97e67.jpg,0
3312_Matig_jpg.rf.2a6c9f217b676a9782d94c0c8136cff4.jpg,1
16801_Matig_jpg.rf.2af117909dc83653df2c2075699169df.jpg,1
7115_Matig_jpg.rf.2bb2b6cba676065e7011a63252a13297.jpg,1
8670_Slecht_jpg.rf.2bfeeda194f8f918414eaf8dda9a6b9d.jpg,1
15410_Redelijk_jpg.rf.2bee2c7f892a25108b3c45f0fbf26643.jpg,1
23140_Slecht_jpg.rf.2b4aecfff61ab94f34e189355e9d1038.jpg,1
3887_Redelijk_jpg.rf.2c7d813d53db1d69032f2a9a73ecfdc3.jpg,1
17533_Redelijk_jpg.rf.2c907d8527e566b8cb53c59607c7c5d7.jpg,0
88_Matig_jpg.rf.2c59091f05162fbe14d24666ce8afb30.jpg,0
26505_Slecht_jpg.rf.2d6e72e64d4b9858064bd5d0afe97c9c.jpg,0
13965_Matig_jpg.rf.2ff0291f02cd24ddf26bfacddfc06f5d.jpg,1
5711_Matig_jpg.rf.307dd51fd0892d51cdc0d27089d8c9ba.jpg,1
10058_Matig_jpg.rf.2ee12d4ea4bd766ca1ba9cf8b64f6ddb.jpg,0
13056_Matig_jpg.rf.2f8e274546e79c9d5af4e415d6937482.jpg,1
3177_Matig_jpg.rf.31eb0110ab884b5a5deb0958b2a4ba22.jpg,1
13269_Redelijk_jpg.rf.33353d5ae0074b6da8a8463bbee2a509.jpg,1
22628_Matig_jpg.rf.30f598826176e4d25fcf3d411e2bf788.jpg,1
2517_Matig_jpg.rf.3394f0b2daaed934a9d02ffdb557b358.jpg,1
2371_Matig_jpg.rf.330328e9d3473c37f73ae2823072be1d.jpg,1
12513_Redelijk_jpg.rf.31b7e1ce604b1e66732cad60bcd0c54d.jpg,0
18483_Matig_jpg.rf.3479b841149e3714e23cbefdcd707651.jpg,0
7366_Slecht_jpg.rf.3447f24a7923763bfcbc2019a197a171.jpg,1
3928_Matig_jpg.rf.35d0b951893ab865d080514ddd91c776.jpg,1
7131_Redelijk_jpg.rf.359ce68360b5a4c8d42a0cfa416e3bdf.jpg,1
3267_Matig_jpg.rf.3643fdbe7f6790ae101709c5dbf1d68e.jpg,1
4010_Redelijk_jpg.rf.369036b450abbdfb056c856455401647.jpg,0
6375_Matig_jpg.rf.3649d8c08262092c1ee6221a46028210.jpg,0
5882_Redelijk_jpg.rf.382daf63815ecdfdeb260e6cca00bc76.jpg,1
20336_Matig_jpg.rf.376eb4138bedb783967f0f9d6ac3420f.jpg,1
9274_Matig_jpg.rf.383108907333d0a191a56f64fc102554.jpg,1
2121_Redelijk_jpg.rf.385968a126f117b8c7248405d0939212.jpg,1
3991_Matig_jpg.rf.3ab48f4997704548aea865ac5358149d.jpg,1
7098_Matig_jpg.rf.396e19738ee467f22ca586298dfa44e0.jpg,1
5511_Redelijk_jpg.rf.396ed5ae17b6456e5ff3253e3e810589.jpg,1
18660_Redelijk_jpg.rf.3ad16a47599750983d9343b416e429d0.jpg,1
7129_Matig_jpg.rf.3b04ec5a83f33e115ac9cb3fbb715a73.jpg,1
17258_Matig_jpg.rf.3b953b2e342ea59637e30c7f36b1b73b.jpg,0
4496_Redelijk_jpg.rf.3b257565bc048c0c343ea0e9069f4529.jpg,0
24430_Matig_jpg.rf.3a27363c44815ac54a1960f0edd9ac81.jpg,1
12160_Matig_jpg.rf.3b9e80b3598aa010aa3c6cac901e14df.jpg,1
8024_Redelijk_jpg.rf.efd1c4789770d094f685c336f48a4789.jpg,1
14686_Redelijk_jpg.rf.f74ac8a71d0f6d4aaddc7c59afb58216.jpg,1
9610_Matig_jpg.rf.f1ccace7e23052913b000043359aaa5b.jpg,1
14278_Matig_jpg.rf.f006823a4912407c54a81ad4d2006301.jpg,0
13372_Redelijk_jpg.rf.f7b8aa8387c46aec3e703f447ad12260.jpg,1
31065_Matig_jpg.rf.f66900262f431dd422973ddaaca25206.jpg,0
13371_Redelijk_jpg.rf.f2d7ee5e3fb8cfdf8550edafc43dbf60.jpg,0
10518_Matig_jpg.rf.f5b7142c72e9f4cfa3d5c5ee53171578.jpg,1
13083_Matig_jpg.rf.f3024ff45c957758ed5c7e5efd6906b5.jpg,1
13004_Matig_jpg.rf.f15ac39f856196640f259d98e17b6e79.jpg,1
13250_Slecht_jpg.rf.f678b2f8e33f9df3b15e466a849c1be3.jpg,1
25445_Redelijk_jpg.rf.f392ae601dc311d19da0336697b026c6.jpg,0
18299_Matig_jpg.rf.f44042621595760d7658c74b0b1e7586.jpg,1
6290_Matig_jpg.rf.f491f4aacb8aab043c9d2e3965ecfe2d.jpg,1
15727_Redelijk_jpg.rf.f77cec77b96ed49f364e1958e92fbdc0.jpg,1
15477_Redelijk_jpg.rf.efb49df0da674096928208c8e0414fc9.jpg,1
1969_Matig_jpg.rf.f6b3433678f9b996ffb3628d02f5e238.jpg,1
28991_Matig_jpg.rf.f36577e65415e455105356ff7afc501a.jpg,0
1073_Redelijk_jpg.rf.f46460fcbc4925edd18ffb9d5e8ce024.jpg,1
24698_Matig_jpg.rf.f0f7ded272423b62f49be5be1bb60a36.jpg,1
19180_Matig_jpg.rf.f8ad7c89ad5a17f068482afe13728100.jpg,1
6309_Matig_jpg.rf.f4b8afb2b8e86591c4132037d9139012.jpg,1
3093_Matig_jpg.rf.f3185bdada4e82efffa87b353526249c.jpg,1
12744_Matig_jpg.rf.f82c18eea97bf31c1f0ddc1282df9c33.jpg,1
15227_Slecht_jpg.rf.f81e214caeec8b1a4ebc964142eaf0ac.jpg,1
3536_Redelijk_jpg.rf.f23a52fe76eba3041444eebe42afb26d.jpg,1
9124_Redelijk_jpg.rf.f5e2b16cae692907b3bc5b258f969f68.jpg,1
14682_Matig_jpg.rf.fa3a160ab614ff506e8fd915423ef20d.jpg,0
13399_Redelijk_jpg.rf.f965342e44685ab57a4bb79ac09fb709.jpg,1
14386_Matig_jpg.rf.fa159fad7617e78b9c3d1a0696392ac1.jpg,1
9810_Redelijk_jpg.rf.f73bfe63c80a0ff98dd27d2427c082cf.jpg,1
27003_Redelijk_jpg.rf.f9f8ce250bb73df739e6cfdf6b5c954a.jpg,1
23644_Redelijk_jpg.rf.fb0a52e1eea2ff3ad4e23e17636f45bf.jpg,1
17011_Redelijk_jpg.rf.fb368b08eb9bf550557a1740e23928a6.jpg,1
14366_Matig_jpg.rf.fb53bd4491f6f4137f8c6d16b066c082.jpg,0
11163_Slecht_jpg.rf.fba1bfe2787b79df1bb2b45e0b387417.jpg,0
13910_Matig_jpg.rf.fba66a9065cb04e9fb6f955d90e5fcc5.jpg,0
26767_Redelijk_jpg.rf.fd3467f7bbd00a4292786386dbbc7620.jpg,0
3170_Redelijk_jpg.rf.fd58e4dd65b615bf13994fca45f7ac03.jpg,1
31170_Redelijk_jpg.rf.fcab6aeada93f830e6efe233980cbb25.jpg,0
7043_Matig_jpg.rf.fe94e3b2b0f671e82fe75e45d1a20bad.jpg,1
11003_Matig_jpg.rf.fc0c73d53fbbfa68521f61367f8aa575.jpg,0
1997_Matig_jpg.rf.fd78fdba5af40c2ca33a77887e551892.jpg,0
9488_Redelijk_jpg.rf.fdb14ba6a9e20277683ca065bc6d070d.jpg,1
15387_Matig_jpg.rf.fef63cd7d3c9802e6ddef2ad9e0a5e52.jpg,1
12649_Redelijk_jpg.rf.febe2688cb97b20b8ac83d5ba67e1a60.jpg,0
5327_Redelijk_jpg.rf.fede3f1131d2c4e3becd948e0b77c7d4.jpg,1
9702_Matig_jpg.rf.febd7aa76f77393b7119ea176664c380.jpg,1
25850_Redelijk_jpg.rf.ff11ef24c4173b58492bab1b179bf3bb.jpg,1
17431_Redelijk_jpg.rf.ff2173fa4373f15938d2d3810794131c.jpg,1
4782_Redelijk_jpg.rf.ff44ac5458b45567b0461cae16cb7d49.jpg,1
